MT_pep,WT_pep,Gene,tpm,DriverGene_Lable,allele_frequency,tcr_clone_sum,tcr_clone_conut,avg_binding_score
EKKMQHTY,EKKKLQHT,MIS18BP1,7.11338,FALSE,none,0.459497913,394,0.841594585
NRVEKKNAAYL,NRVEKKKLQHT,MIS18BP1,7.11338,FALSE,none,0.002425015,9,0.692557893
VEKKNAAYL,VEKKKLQHT,MIS18BP1,7.11338,FALSE,none,0.420059524,242,0.756973273
VEKKNAAY,VEKKKLQH,MIS18BP1,7.11338,FALSE,none,0.482854645,412,0.829706818
VEKKMQHTYL,VEKKKLQHTY,MIS18BP1,7.11338,FALSE,none,0.022271852,60,0.662685615
VEKKMQHTY,VEKKKLQHT,MIS18BP1,7.11338,FALSE,none,0.397532411,192,0.779487288
TPNRVEKKM,TPNRVEKKK,MIS18BP1,7.11338,FALSE,none,0.020612628,37,0.704636991
TFTPNRVEKKM,TFTPNRVEKKK,MIS18BP1,7.11338,FALSE,none,0.004786213,20,0.676499482
RVEKKNAAYL,RVEKKKLQHT,MIS18BP1,7.11338,FALSE,none,1.264900993,563,0.805129155
RVEKKNAAY,RVEKKKLQH,MIS18BP1,7.11338,FALSE,none,1.286279411,658,0.811792662
RVEKKMQHTY,RVEKKKLQHT,MIS18BP1,7.11338,FALSE,none,0.362433513,92,0.742887515
PNRVEKKNAAY,PNRVEKKKLQH,MIS18BP1,7.11338,FALSE,none,0.010976382,31,0.66413687
NRVEKKNAAY,NRVEKKKLQH,MIS18BP1,7.11338,FALSE,none,0.559816983,467,0.784480097
EKKNAAYL,EKKKLQHT,MIS18BP1,7.11338,FALSE,none,0.707253761,117,0.738939005
NRVEKKNAA,NRVEKKKLQ,MIS18BP1,7.11338,FALSE,none,0.00299936,12,0.576526157
NRVEKKNA,NRVEKKKL,MIS18BP1,7.11338,FALSE,none,0.064773439,102,0.652616972
NRVEKKMQHTY,NRVEKKKLQHT,MIS18BP1,7.11338,FALSE,none,0.060625389,69,0.645863004
KKMQHTYL,KKKLQHTY,MIS18BP1,7.11338,FALSE,none,0.030185056,66,0.676411221
HTYLCEEK,QHTYLCEE,MIS18BP1,7.11338,FALSE,none,0.774707476,266,0.77273083
FTPNRVEKKM,FTPNRVEKKK,MIS18BP1,7.11338,FALSE,none,0.033886397,76,0.734732916
VEKKNAAYLP,VEKKKLQHTY,MIS18BP1,7.11338,FALSE,none,0.083918299,157,0.727566134
NQKKTLNRW,NQKKTLTDG,PPFIA1,6.7697,FALSE,none,0.748734291,202,0.746903003
KEQNNQKKTN,KEQNNQKKTL,PPFIA1,6.7697,FALSE,none,0.000255264,2,0.58365123
EQNNQKKTLNR,EQNNQKKTLTD,PPFIA1,6.7697,FALSE,none,0.753329053,184,0.684374448
EQNNQKKTLN,EQNNQKKTLT,PPFIA1,6.7697,FALSE,none,0.673239736,6,0.561016103
