#Position,HLA_type,Gene,Transcript_name,Mutation,AA_change,MT_pep,WT_pep,HLA_sequence,tpm,DriverGene_Lable,allele_frequency
chr14:45246815-45246816,HLA-A29:01,MIS18BP1,ENST00000310806,730-731.-/A,157-158.-/X,VEKKNAAY,VEKKKLQH,YTAMYLQNVAQTDANTLYIMYRDYTWAVLAYTWY,7.11338,False,none
chr14:45246815-45246816,HLA-A29:01,MIS18BP1,ENST00000310806,730-731.-/A,157-158.-/X,EKKNAAYL,EKKKLQHT,YTAMYLQNVAQTDANTLYIMYRDYTWAVLAYTWY,7.11338,False,none
chr11:70326301-70326302,HLA-A29:01,PPFIA1,ENST00000253925,871-872.cta/cTta,216.L/LX,NQKKTLNR,NQKKTLTD,YTAMYLQNVAQTDANTLYIMYRDYTWAVLAYTWY,6.7697,False,none
chr14:45246815-45246816,HLA-A29:01,MIS18BP1,ENST00000310806,730-731.-/A,157-158.-/X,EKKMQHTY,EKKKLQHT,YTAMYLQNVAQTDANTLYIMYRDYTWAVLAYTWY,7.11338,False,none
chr14:45246815-45246816,HLA-A29:01,MIS18BP1,ENST00000310806,730-731.-/A,157-158.-/X,HTYLCEEK,QHTYLCEE,YTAMYLQNVAQTDANTLYIMYRDYTWAVLAYTWY,7.11338,False,none
chr14:45246815-45246816,HLA-B15:29,MIS18BP1,ENST00000310806,730-731.-/A,157-158.-/X,VEKKNAAY,VEKKKLQH,YYSEYRNIFTNTYESNLYLRYDSYTWAELAYLWY,7.11338,False,none
chr14:45246815-45246816,HLA-B15:29,MIS18BP1,ENST00000310806,730-731.-/A,157-158.-/X,EKKNAAYL,EKKKLQHT,YYSEYRNIFTNTYESNLYLRYDSYTWAELAYLWY,7.11338,False,none
chr11:70326301-70326302,HLA-C07:04,PPFIA1,ENST00000253925,871-872.cta/cTta,216.L/LX,KKTNRWSA,KKTLTDGV,YDSGYREKYRQADVSNLYFRYDFYTLAADAYTWY,6.7697,False,none
chr14:45246815-45246816,HLA-C07:04,MIS18BP1,ENST00000310806,730-731.-/A,157-158.-/X,NRVEKKNA,NRVEKKKL,YDSGYREKYRQADVSNLYFRYDFYTLAADAYTWY,7.11338,False,none
chr14:45246815-45246816,HLA-C07:04,MIS18BP1,ENST00000310806,730-731.-/A,157-158.-/X,EKKNAAYL,EKKKLQHT,YDSGYREKYRQADVSNLYFRYDFYTLAADAYTWY,7.11338,False,none
chr14:45246815-45246816,HLA-C07:04,MIS18BP1,ENST00000310806,730-731.-/A,157-158.-/X,KKMQHTYL,KKKLQHTY,YDSGYREKYRQADVSNLYFRYDFYTLAADAYTWY,7.11338,False,none
chr14:45246815-45246816,HLA-C03:02,MIS18BP1,ENST00000310806,730-731.-/A,157-158.-/X,EKKNAAYL,EKKKLQHT,YYAGYREKYRQTDVSNLYLRYDSYTWAELAYLWY,7.11338,False,none
chr14:45246815-45246816,HLA-C03:02,MIS18BP1,ENST00000310806,730-731.-/A,157-158.-/X,KKMQHTYL,KKKLQHTY,YYAGYREKYRQTDVSNLYLRYDSYTWAELAYLWY,7.11338,False,none
chr14:45246815-45246816,HLA-A29:01,MIS18BP1,ENST00000310806,730-731.-/A,157-158.-/X,RVEKKNAAY,RVEKKKLQH,YTAMYLQNVAQTDANTLYIMYRDYTWAVLAYTWY,7.11338,False,none
chr14:45246815-45246816,HLA-A29:01,MIS18BP1,ENST00000310806,730-731.-/A,157-158.-/X,VEKKNAAYL,VEKKKLQHT,YTAMYLQNVAQTDANTLYIMYRDYTWAVLAYTWY,7.11338,False,none
chr11:70326301-70326302,HLA-A29:01,PPFIA1,ENST00000253925,871-872.cta/cTta,216.L/LX,NQKKTLNRW,NQKKTLTDG,YTAMYLQNVAQTDANTLYIMYRDYTWAVLAYTWY,6.7697,False,none
chr14:45246815-45246816,HLA-A29:01,MIS18BP1,ENST00000310806,730-731.-/A,157-158.-/X,VEKKMQHTY,VEKKKLQHT,YTAMYLQNVAQTDANTLYIMYRDYTWAVLAYTWY,7.11338,False,none
chr14:45246815-45246816,HLA-B15:29,MIS18BP1,ENST00000310806,730-731.-/A,157-158.-/X,TPNRVEKKM,TPNRVEKKK,YYSEYRNIFTNTYESNLYLRYDSYTWAELAYLWY,7.11338,False,none
chr14:45246815-45246816,HLA-B58:01,MIS18BP1,ENST00000310806,730-731.-/A,157-158.-/X,VEKKNAAYL,VEKKKLQHT,YYATYGENMASTYENIAYIRYDSYTWAVLAYLWY,7.11338,False,none
chr11:70326301-70326302,HLA-B58:01,PPFIA1,ENST00000253925,871-872.cta/cTta,216.L/LX,NQKKTLNRW,NQKKTLTDG,YYATYGENMASTYENIAYIRYDSYTWAVLAYLWY,6.7697,False,none
chr14:45246815-45246816,HLA-C07:04,MIS18BP1,ENST00000310806,730-731.-/A,157-158.-/X,NRVEKKNAA,NRVEKKKLQ,YDSGYREKYRQADVSNLYFRYDFYTLAADAYTWY,7.11338,False,none
chr14:45246815-45246816,HLA-C07:04,MIS18BP1,ENST00000310806,730-731.-/A,157-158.-/X,RVEKKNAAY,RVEKKKLQH,YDSGYREKYRQADVSNLYFRYDFYTLAADAYTWY,7.11338,False,none
chr14:45246815-45246816,HLA-C07:04,MIS18BP1,ENST00000310806,730-731.-/A,157-158.-/X,VEKKNAAYL,VEKKKLQHT,YDSGYREKYRQADVSNLYFRYDFYTLAADAYTWY,7.11338,False,none
chr14:45246815-45246816,HLA-C07:04,MIS18BP1,ENST00000310806,730-731.-/A,157-158.-/X,KKNAAYLPM,KKKLQHTYL,YDSGYREKYRQADVSNLYFRYDFYTLAADAYTWY,7.11338,False,none
chr14:45246815-45246816,HLA-C03:02,MIS18BP1,ENST00000310806,730-731.-/A,157-158.-/X,RVEKKNAAY,RVEKKKLQH,YYAGYREKYRQTDVSNLYLRYDSYTWAELAYLWY,7.11338,False,none
chr14:45246815-45246816,HLA-A02:01,MIS18BP1,ENST00000310806,730-731.-/A,157-158.-/X,RVEKKNAAYL,RVEKKKLQHT,YFAMYGEKVAHTHVDTLYVRYHYYTWAVLAYTWY,7.11338,False,none
chr14:45246815-45246816,HLA-A02:01,MIS18BP1,ENST00000310806,730-731.-/A,157-158.-/X,FTPNRVEKKM,FTPNRVEKKK,YFAMYGEKVAHTHVDTLYVRYHYYTWAVLAYTWY,7.11338,False,none
chr14:45246815-45246816,HLA-A29:01,MIS18BP1,ENST00000310806,730-731.-/A,157-158.-/X,NRVEKKNAAY,NRVEKKKLQH,YTAMYLQNVAQTDANTLYIMYRDYTWAVLAYTWY,7.11338,False,none
chr14:45246815-45246816,HLA-A29:01,MIS18BP1,ENST00000310806,730-731.-/A,157-158.-/X,RVEKKNAAYL,RVEKKKLQHT,YTAMYLQNVAQTDANTLYIMYRDYTWAVLAYTWY,7.11338,False,none
chr11:70326301-70326302,HLA-A29:01,PPFIA1,ENST00000253925,871-872.cta/cTta,216.L/LX,QNNQKKTLNR,QNNQKKTLTD,YTAMYLQNVAQTDANTLYIMYRDYTWAVLAYTWY,6.7697,False,none
chr14:45246815-45246816,HLA-A29:01,MIS18BP1,ENST00000310806,730-731.-/A,157-158.-/X,FTPNRVEKKM,FTPNRVEKKK,YTAMYLQNVAQTDANTLYIMYRDYTWAVLAYTWY,7.11338,False,none
chr14:45246815-45246816,HLA-A29:01,MIS18BP1,ENST00000310806,730-731.-/A,157-158.-/X,RVEKKMQHTY,RVEKKKLQHT,YTAMYLQNVAQTDANTLYIMYRDYTWAVLAYTWY,7.11338,False,none
chr14:45246815-45246816,HLA-B58:01,MIS18BP1,ENST00000310806,730-731.-/A,157-158.-/X,RVEKKNAAYL,RVEKKKLQHT,YYATYGENMASTYENIAYIRYDSYTWAVLAYLWY,7.11338,False,none
chr11:70326301-70326302,HLA-B58:01,PPFIA1,ENST00000253925,871-872.cta/cTta,216.L/LX,NNQKKTLNRW,NNQKKTLTDG,YYATYGENMASTYENIAYIRYDSYTWAVLAYLWY,6.7697,False,none
chr14:45246815-45246816,HLA-B58:01,MIS18BP1,ENST00000310806,730-731.-/A,157-158.-/X,FTPNRVEKKM,FTPNRVEKKK,YYATYGENMASTYENIAYIRYDSYTWAVLAYLWY,7.11338,False,none
chr11:70326301-70326302,HLA-C07:04,PPFIA1,ENST00000253925,871-872.cta/cTta,216.L/LX,KEQNNQKKTN,KEQNNQKKTL,YDSGYREKYRQADVSNLYFRYDFYTLAADAYTWY,6.7697,False,none
chr14:45246815-45246816,HLA-C07:04,MIS18BP1,ENST00000310806,730-731.-/A,157-158.-/X,NRVEKKNAAY,NRVEKKKLQH,YDSGYREKYRQADVSNLYFRYDFYTLAADAYTWY,7.11338,False,none
chr14:45246815-45246816,HLA-C07:04,MIS18BP1,ENST00000310806,730-731.-/A,157-158.-/X,RVEKKNAAYL,RVEKKKLQHT,YDSGYREKYRQADVSNLYFRYDFYTLAADAYTWY,7.11338,False,none
chr14:45246815-45246816,HLA-C07:04,MIS18BP1,ENST00000310806,730-731.-/A,157-158.-/X,VEKKNAAYLP,VEKKKLQHTY,YDSGYREKYRQADVSNLYFRYDFYTLAADAYTWY,7.11338,False,none
chr11:70326301-70326302,HLA-C07:04,PPFIA1,ENST00000253925,871-872.cta/cTta,216.L/LX,EQNNQKKTLN,EQNNQKKTLT,YDSGYREKYRQADVSNLYFRYDFYTLAADAYTWY,6.7697,False,none
chr14:45246815-45246816,HLA-C07:04,MIS18BP1,ENST00000310806,730-731.-/A,157-158.-/X,FTPNRVEKKM,FTPNRVEKKK,YDSGYREKYRQADVSNLYFRYDFYTLAADAYTWY,7.11338,False,none
chr14:45246815-45246816,HLA-C07:04,MIS18BP1,ENST00000310806,730-731.-/A,157-158.-/X,VEKKMQHTYL,VEKKKLQHTY,YDSGYREKYRQADVSNLYFRYDFYTLAADAYTWY,7.11338,False,none
chr14:45246815-45246816,HLA-C03:02,MIS18BP1,ENST00000310806,730-731.-/A,157-158.-/X,RVEKKNAAYL,RVEKKKLQHT,YYAGYREKYRQTDVSNLYLRYDSYTWAELAYLWY,7.11338,False,none
chr14:45246815-45246816,HLA-A02:01,MIS18BP1,ENST00000310806,730-731.-/A,157-158.-/X,FTPNRVEKKNA,FTPNRVEKKKL,YFAMYGEKVAHTHVDTLYVRYHYYTWAVLAYTWY,7.11338,False,none
chr14:45246815-45246816,HLA-A02:01,MIS18BP1,ENST00000310806,730-731.-/A,157-158.-/X,NRVEKKNAAYL,NRVEKKKLQHT,YFAMYGEKVAHTHVDTLYVRYHYYTWAVLAYTWY,7.11338,False,none
chr11:70326301-70326302,HLA-A02:01,PPFIA1,ENST00000253925,871-872.cta/cTta,216.L/LX,EQNNQKKTLNR,EQNNQKKTLTD,YFAMYGEKVAHTHVDTLYVRYHYYTWAVLAYTWY,6.7697,False,none
chr14:45246815-45246816,HLA-A29:01,MIS18BP1,ENST00000310806,730-731.-/A,157-158.-/X,PNRVEKKNAAY,PNRVEKKKLQH,YTAMYLQNVAQTDANTLYIMYRDYTWAVLAYTWY,7.11338,False,none
chr11:70326301-70326302,HLA-A29:01,PPFIA1,ENST00000253925,871-872.cta/cTta,216.L/LX,EQNNQKKTLNR,EQNNQKKTLTD,YTAMYLQNVAQTDANTLYIMYRDYTWAVLAYTWY,6.7697,False,none
chr11:70326301-70326302,HLA-A29:01,PPFIA1,ENST00000253925,871-872.cta/cTta,216.L/LX,QNNQKKTLNRW,QNNQKKTLTDG,YTAMYLQNVAQTDANTLYIMYRDYTWAVLAYTWY,6.7697,False,none
chr14:45246815-45246816,HLA-A29:01,MIS18BP1,ENST00000310806,730-731.-/A,157-158.-/X,TFTPNRVEKKM,TFTPNRVEKKK,YTAMYLQNVAQTDANTLYIMYRDYTWAVLAYTWY,7.11338,False,none
chr14:45246815-45246816,HLA-B15:29,MIS18BP1,ENST00000310806,730-731.-/A,157-158.-/X,NRVEKKNAAYL,NRVEKKKLQHT,YYSEYRNIFTNTYESNLYLRYDSYTWAELAYLWY,7.11338,False,none
chr14:45246815-45246816,HLA-B58:01,MIS18BP1,ENST00000310806,730-731.-/A,157-158.-/X,NRVEKKNAAYL,NRVEKKKLQHT,YYATYGENMASTYENIAYIRYDSYTWAVLAYLWY,7.11338,False,none
chr11:70326301-70326302,HLA-B58:01,PPFIA1,ENST00000253925,871-872.cta/cTta,216.L/LX,QNNQKKTLNRW,QNNQKKTLTDG,YYATYGENMASTYENIAYIRYDSYTWAVLAYLWY,6.7697,False,none
chr14:45246815-45246816,HLA-C07:04,MIS18BP1,ENST00000310806,730-731.-/A,157-158.-/X,TFTPNRVEKKN,TFTPNRVEKKK,YDSGYREKYRQADVSNLYFRYDFYTLAADAYTWY,7.11338,False,none
chr14:45246815-45246816,HLA-C07:04,MIS18BP1,ENST00000310806,730-731.-/A,157-158.-/X,FTPNRVEKKNA,FTPNRVEKKKL,YDSGYREKYRQADVSNLYFRYDFYTLAADAYTWY,7.11338,False,none
chr14:45246815-45246816,HLA-C07:04,MIS18BP1,ENST00000310806,730-731.-/A,157-158.-/X,NRVEKKNAAYL,NRVEKKKLQHT,YDSGYREKYRQADVSNLYFRYDFYTLAADAYTWY,7.11338,False,none
chr11:70326301-70326302,HLA-C07:04,PPFIA1,ENST00000253925,871-872.cta/cTta,216.L/LX,KEQNNQKKTLN,KEQNNQKKTLT,YDSGYREKYRQADVSNLYFRYDFYTLAADAYTWY,6.7697,False,none
chr11:70326301-70326302,HLA-C07:04,PPFIA1,ENST00000253925,871-872.cta/cTta,216.L/LX,EQNNQKKTLNR,EQNNQKKTLTD,YDSGYREKYRQADVSNLYFRYDFYTLAADAYTWY,6.7697,False,none
chr14:45246815-45246816,HLA-C07:04,MIS18BP1,ENST00000310806,730-731.-/A,157-158.-/X,TFTPNRVEKKM,TFTPNRVEKKK,YDSGYREKYRQADVSNLYFRYDFYTLAADAYTWY,7.11338,False,none
chr14:45246815-45246816,HLA-C07:04,MIS18BP1,ENST00000310806,730-731.-/A,157-158.-/X,NRVEKKMQHTY,NRVEKKKLQHT,YDSGYREKYRQADVSNLYFRYDFYTLAADAYTWY,7.11338,False,none
